{
    "respuestas": {
        "hola que tal": "¡Hola! ¿Que haces, en que te puedo ayudar?",
        "hola que tal?": "¡Hola! ¿Que haces, en que te puedo ayudar?",
        "¿hola que tal?": "¡Hola! ¿Que haces, en que te puedo ayudar?",
        "hola ¿que tal?": "¡Hola! ¿Que haces, en que te puedo ayudar?",
        "": "¿Se te comio la lengua el raton?",
        "nada y tu": "¡Ve a leer ya que no haces nada, jajajaja!",
        "nada y tu?": "¡Ve a leer ya que no haces nada, jajajaja!",
        "¿nada y tu?": "¡Ve a leer ya que no haces nada, jajajaja!",
        "nada ¿y tu?": "¡Ve a leer ya que no haces nada, jajajaja!",
        "hola": "¡Hola! ¿Que haces? ¿Como estas?",
        "hola como estas": "¡Hola, Bien! ¿Y tu? ¿Como ha estado tu dia?",
        "hola como estas?": "¡Hola, Bien! ¿Y tu? ¿Como ha estado tu dia?",
        "¿hola como estas?": "¡Hola, Bien! ¿Y tu? ¿Como ha estado tu dia?",
        "hola ¿como estas?": "¡Hola, Bien! ¿Y tu? ¿Como ha estado tu dia?",
        "hol": "¡Hola! ¿Que haces? ¿Como estas?",
        "holas": "¡Hola! ¿Que haces? ¿Como estas?",
        "holi": "¡Hola! ¿Que haces? ¿Como estas?",
        "holis": "¡Hola! ¿Que haces? ¿Como estas?",
        "ola": "¡Hola! ¿Que haces? ¿Como estas?",
        "olas": "¡Hola! ¿Que haces? ¿Como estas?",
        "oli": "¡Hola! ¿Que haces? ¿Como estas?",
        "ola que haces": "¡Nada! ¿Y tu?",
        "hola que haces": "¡Nada! ¿Y tu?",
        "holi que haces": "¡Nada! ¿Y tu?",
        "ja": "¿Que es tan gracioso?",
        "jaja": "¿Que es tan gracioso?",
        "jajaja": "¿Que es tan gracioso?",
        "jajajaja": "¿Que es tan gracioso?",
        "jajajajaja": "¿Que es tan gracioso?",
        "js": "¿Que es tan gracioso?",
        "jsjs": "¿Que es tan gracioso?",
        "jsjsjs": "¿Que es tan gracioso?",
        "jsjsjsjs": "¿Que es tan gracioso?",
        "jsjsjsjsjs": "¿Que es tan gracioso?",
        "nada ja": "¡Enserio dime!",
        "nada jaja": "¡Enserio dime!",
        "nada jajaja": "¡Enserio dime!",
        "nada jajajaja": "¡Enserio dime!",
        "nada jajajajaja": "¡Enserio dime!",
        "no quiero": "¡Como tu digas! ¡Eres tan rogado!",
        "no quiero ja": "¡Como tu digas! ¡Eres tan rogado!",
        "no quiero jaja": "¡Como tu digas! ¡Eres tan rogado!",
        "no quiero jajaja": "¡Como tu digas! ¡Eres tan rogado!",
        "no quiero jajajaja": "¡Como tu digas! ¡Eres tan rogado!",
        "que tal": "¡Hola! ¿Que tal?",
        "que tal?": "¡Hola! ¿Que tal?",
        "¿que tal?": "¡Hola! ¿Que tal?",
        "k tal": "¡Hola! ¿Que tal?",
        "k tal?": "¡Hola! ¿Que tal?",
        "¿k tal?": "¡Hola! ¿Que tal?",
        "quetal": "¡Hola! ¿Que tal?",
        "quetal?": "¡Hola! ¿Que tal?",
        "¿quetal?": "¡Hola! ¿Que tal?",
        "ktal?": "¡Hola! ¿Que tal?",
        "ktal": "¡Hola! ¿Que tal?",
        "¿ktal?": "¡Hola! ¿Que tal?",
        "quw tal": "¡Hola! ¿Que tal?",
        "hola que haces?": "¡Nada! ¿Y tu?",
        "¿hola que haces?": "¡Nada! ¿Y tu?",
        "hola ¿que haces?": "¡Nada! ¿Y tu?",
        "que haces": "¡Esperando a que me preguntes algo!",
        "que haces?": "¡Esperando a que me preguntes algo!",
        "¿que haces?": "¡Esperando a que me preguntes algo!",
        "q haces": "¡Esperando a que me preguntes algo!"
    }
}